label,count,class_weight
CE,547,0.6892138939670932
LAA,207,1.821256038647343
